problem,scenario,target_ton,product_ton,total_use_mwh,renewable_mwh,buy_mwh,sell_mwh,self_use_ratio,green_ratio,export_ratio,margin_self_use,margin_green,margin_export,status,running_cost_yuan,comprehensive_cost_yuan,running_cost_per_ton,comprehensive_cost_per_ton,curtail_mwh,base_unserved_mwh
P4_no_storage,风电场景1-光伏场景1,max,39.98444819277108,613.8381999999999,761.7639999999999,0.0,0.0,0.8058115111766899,1.2409850022367457,0.0,0.20581151117668994,0.9409850022367456,0.2,full,165662.13143614458,168995.46476947793,4143.164128149583,4226.529873683017,147.92579999999998,0.0
P4_no_storage,风电场景1-光伏场景2,max,30.537253012048193,483.152,503.204,0.0,0.0,0.9601513501482499,1.0415024671324966,0.0,0.36015135014824995,0.7415024671324966,0.2,full,118880.15893975904,122213.49227309237,3892.9552338206704,4002.1115266941056,20.052000000000007,0.0
P4_no_storage,风电场景1-光伏场景3,max,19.09317108433735,324.84219999999993,337.44399999999996,0.0,0.0,0.962655136852337,1.0387936050180673,0.0,0.36265513685233697,0.7387936050180672,0.2,full,79904.04497831326,83237.3783116466,4184.95411921704,4359.536608349385,12.601800000000006,0.0
P4_no_storage,风电场景1-光伏场景4,max,13.909879518072287,253.14,272.804,0.0,0.0,0.9279189454700079,1.0776803349924942,0.0,0.3279189454700079,0.7776803349924941,0.2,full,63503.24240963855,66836.57574297188,4565.3337490905315,4804.971578376007,19.664,0.0
P4_no_storage,风电场景2-光伏场景1,max,36.096000000000004,559.9097999999999,658.904,0.0,0.0,0.8497592972572634,1.176803835189168,0.0,0.24975929725726342,0.876803835189168,0.2,full,143748.49599999998,147081.82933333333,3982.394060283687,4074.7403959810867,98.99419999999999,0.13819999999999988
P4_no_storage,风电场景2-光伏场景2,max,23.88289156626506,390.9618,400.34400000000005,0.0,0.0,0.9765646543972182,1.0239977409557661,0.0,0.3765646543972182,0.7239977409557661,0.2,full,92353.9021686747,95687.23550200803,3866.9481001674844,4006.5180230172664,9.382200000000001,0.13819999999999988
P4_no_storage,风电场景2-光伏场景3,max,11.615551807228915,221.2636,234.584,0.0,0.0,0.9432169286907888,1.0602014972187022,0.0,0.3432169286907888,0.7602014972187021,0.2,full,52004.86856385542,55338.20189718876,4477.175895465449,4764.147482235768,13.320400000000001,0.13819999999999988
P4_no_storage,风电场景2-光伏场景4,max,6.248515662650602,147.01959999999997,169.94400000000002,0.0,0.0,0.8651061526149788,1.1559275089851968,0.0,0.26510615261497883,0.8559275089851968,0.2,full,35297.641286746984,38630.97462008032,5648.964200847314,6182.424227723416,22.924400000000002,0.13819999999999988
P4_no_storage,风电场景3-光伏场景1,max,42.92181686746988,654.4718,780.8399999999999,0.0,0.0,0.8381637723477282,1.19308425511993,0.0,0.23816377234772823,0.8930842551199301,0.2,full,173422.08326265062,176755.41659598396,4040.4180419046033,4118.0786251838645,126.36819999999997,0.0
P4_no_storage,风电场景3-光伏场景2,max,33.096404819277105,518.5536,522.28,0.0,0.0,0.9928651298154246,1.0071861423775672,0.0,0.39286512981542465,0.7071861423775672,0.2,full,126009.37110361445,129342.70443694778,3807.3431779581056,3908.0590518282434,3.7264000000000053,0.0
P4_no_storage,风电场景3-光伏场景3,max,21.383132530120484,356.52,356.52000000000004,0.0,0.0,0.9999999999999999,1.0000000000000002,0.0,0.3999999999999999,0.7000000000000002,0.2,full,86584.3373493976,89917.67068273092,4049.1886409736308,4205.074750206596,0.0,0.0
P4_no_storage,风电场景3-光伏场景4,max,16.710361445783132,291.88,291.88,0.0,0.0,1.0,1.0,0.0,0.4,0.7,0.2,full,71034.91277108435,74368.24610441767,4250.950106708197,4450.427140412606,0.0,0.0
P4_no_storage,风电场景4-光伏场景1,max,46.186424096385544,699.6322,876.924,0.0,0.0,0.797825353166295,1.2534071473554247,0.0,0.19782535316629501,0.9534071473554246,0.2,full,193278.95991807227,196612.29325140562,4184.756964832831,4256.928244565963,177.2918,0.0
P4_no_storage,风电场景4-光伏场景2,max,39.34828915662651,605.038,618.364,0.0,0.0,0.978449586327794,1.022025062888612,0.0,0.378449586327794,0.722025062888612,0.2,full,150848.03021686745,154181.3635502008,3833.6617283769165,3918.3752802181402,13.326000000000008,0.0
P4_no_storage,风电场景4-光伏场景3,max,28.069749397590357,449.0182,452.60400000000004,0.0,0.0,0.9920774009951303,1.0079858678334197,0.0,0.39207740099513033,0.7079858678334197,0.2,full,112147.98541204818,115481.3187453815,3995.332620307451,4114.08442268797,3.585800000000004,0.0
P4_no_storage,风电场景4-光伏场景4,max,23.39697831325301,384.3782,387.964,0.0,0.0,0.9907573898609149,1.0093288329046757,0.0,0.3907573898609149,0.7093288329046756,0.2,full,96598.56083373494,99931.89416706827,4128.67676929963,4271.145308984739,3.5858000000000003,0.0
P4_no_storage,风电场景5-光伏场景1,max,43.377527710843374,660.7758,819.4200000000001,0.0,0.0,0.8063945229552609,1.240087787718618,0.0,0.20639452295526095,0.940087787718618,0.2,full,179969.05704578315,183302.3903791165,4148.900745230694,4225.745450524953,158.64419999999998,0.0
P4_no_storage,风电场景5-光伏场景2,max,35.44262168674699,551.0096,560.8599999999999,0.0,0.0,0.9824369717933176,1.0178770025059454,0.0,0.3824369717933176,0.7178770025059453,0.2,full,135709.07876626507,139042.4120995984,3828.9796947219224,3923.0284183968915,9.850400000000011,0.0
P4_no_storage,风电场景5-光伏场景3,max,24.172048192771083,395.1,395.1,0.0,0.0,1.0,1.0,0.0,0.4,0.7,0.2,full,97022.31903614457,100355.6523694779,4013.8228362940367,4151.723162602761,1.7763568394002505e-15,0.0
P4_no_storage,风电场景5-光伏场景4,max,19.499277108433734,330.4599999999999,330.4599999999999,0.0,0.0,1.0,1.0,0.0,0.4,0.7,0.2,full,81472.89445783132,84806.22779116465,4178.252045179309,4349.19855333943,1.7763568394002505e-15,0.0
P4_no_storage,风电场景6-光伏场景1,max,40.786539759036145,624.9338,715.76,0.0,0.0,0.8731052308036213,1.1453373141283125,0.0,0.27310523080362137,0.8453373141283125,0.2,full,160099.15280481928,163432.48613815263,3925.2938285687683,4007.020137126112,90.8262,0.0
P4_no_storage,风电场景6-光伏场景2,max,28.66120481927711,457.20000000000005,457.20000000000005,0.0,0.0,1.0,1.0,0.0,0.4,0.7,0.2,full,108850.93590361445,112184.26923694777,3797.8492736077474,3914.1505021971116,8.881784197001252e-16,0.0
P4_no_storage,风电场景6-光伏场景3,max,16.678554216867468,291.44,291.44,0.0,0.0,1.0,1.0,0.0,0.4,0.7,0.2,full,68976.66891566265,72310.00224899598,4135.650369856681,4335.507820927724,1.7763568394002505e-15,0.0
P4_no_storage,风电场景6-光伏场景4,max,11.005185542168674,212.95839999999998,226.8,0.0,0.0,0.9389700176366842,1.0649967317560614,0.0,0.3389700176366842,0.7649967317560613,0.2,full,51758.58108915662,55091.91442248996,4703.108447452592,5005.9959653922915,13.8416,0.0
