problem,scenario,target_ton,product_ton,total_use_mwh,renewable_mwh,buy_mwh,sell_mwh,self_use_ratio,green_ratio,export_ratio,margin_self_use,margin_green,margin_export,status,running_cost_yuan,comprehensive_cost_yuan,running_cost_per_ton,comprehensive_cost_per_ton
P3,风电场景1-光伏场景1,72,71.99999999999997,1056.7199999999998,761.7639999999999,430.27999999999975,135.324,0.644708859961878,0.5928155045802104,0.17764557001906106,0.04470885996187801,0.2928155045802104,0.02235442998093895,full,387678.32039999973,391011.65373333305,5384.4211166666655,5430.717412962961
P3,风电场景1-光伏场景1,63,62.99999999999999,932.2199999999999,761.7639999999999,305.7799999999999,135.324,0.6447088599618781,0.6719872991353971,0.17764557001906106,0.04470885996187812,0.37198729913539713,0.02235442998093895,full,277379.93039999995,280713.26373333327,4402.856038095238,4455.76609100529
P3,风电场景1-光伏场景1,54,54.0,807.72,761.7639999999999,238.92020000000002,192.9642,0.4933753761007347,0.7042041796662208,0.2533123119496327,-0.1066246238992653,0.40420417966622085,-0.05331231194963271,partial,199978.0563,203311.38963333334,3703.297338888889,3765.0257339506175
P3,风电场景1-光伏场景1,45,45.0,683.22,761.7639999999999,238.92020000000002,317.4642,0.1665024863343503,0.6503026843476477,0.4167487568328249,-0.4334975136656497,0.3503026843476477,-0.2167487568328249,partial,137920.50629999998,141253.83963333332,3064.9001399999997,3138.9742140740736
P3,风电场景1-光伏场景1,36,36.0,558.72,761.7639999999999,238.92020000000002,441.9642,-0.1603704034320341,0.5723793671248566,0.5801852017160172,-0.7603704034320341,0.2723793671248566,-0.38018520171601716,partial,75862.95629999999,79196.28963333332,2107.3043416666665,2199.896934259259
P3,风电场景1-光伏场景2,72,71.99999999999997,1056.7199999999998,503.204,560.9661999999997,7.450200000000002,0.9703889476236279,0.4691439548792491,0.014805526188186108,0.37038894762362795,0.1691439548792491,0.1851944738118139,full,486504.5972999998,489837.9306333331,6757.008295833333,6803.304592129629
P3,风电场景1-光伏场景2,63,62.999999999999986,932.2199999999998,503.204,436.46619999999984,7.450200000000002,0.9703889476236277,0.5317991461243056,0.014805526188186108,0.37038894762362773,0.23179914612430558,0.1851944738118139,full,371596.79729999986,374930.1306333332,5898.361861904761,5951.2719148148135
P3,风电场景1-光伏场景2,54,54.0,807.72,503.204,311.9662000000001,7.450200000000002,0.9703889476236277,0.6137693755261724,0.014805526188186108,0.37038894762362773,0.3137693755261724,0.1851944738118139,full,279693.53729999997,283026.8706333333,5179.50995,5241.238345061727
P3,风电场景1-光伏场景2,45,44.999999999999986,683.2199999999999,503.204,253.0002,72.9842000000001,0.7099220196977762,0.6296943883375778,0.14503899015111188,0.10992201969777626,0.32969438833757786,0.05496100984888813,full,204103.29029999996,207436.6236333333,4535.628673333334,4609.702747407408
P3,风电场景1-光伏场景2,36,36.0,558.72,503.204,253.0002,197.4842,0.21509288479423858,0.5471789089347079,0.3924535576028807,-0.3849071152057614,0.2471789089347079,-0.1924535576028807,partial,142045.7403,145379.07363333335,3945.7150083333336,4038.307600925926
P3,风电场景1-光伏场景3,72,71.99999999999997,1056.7199999999998,337.44399999999996,719.2759999999996,0.0,1.0000000000000007,0.31933151639033996,0.0,0.4000000000000007,0.019331516390339976,0.2,full,584475.8113999997,587809.144733333,8117.719602777776,8164.015899074073
P3,风电场景1-光伏场景3,63,62.99999999999999,932.22,337.44399999999996,594.7760000000001,8.881784197001252e-16,1.0,0.36197893201175685,2.632076491803456e-18,0.4,0.06197893201175686,0.2,full,469568.01139999996,472901.3447333333,7453.460498412699,7506.370551322751
P3,风电场景1-光伏场景3,54,54.0,807.72,337.44399999999996,470.27600000000007,4.440892098500626e-15,1.0,0.4177734858614371,1.3160382459017278e-17,0.4,0.1177734858614371,0.2,full,358775.14040000003,362108.47373333335,6643.9840814814825,6705.71247654321
P3,风电场景1-光伏场景3,45,44.99999999999999,683.2199999999999,337.44399999999996,345.77599999999995,4.440892098500626e-15,1.0,0.49390240332542956,1.3160382459017278e-17,0.4,0.19390240332542957,0.2,full,268144.8404,271478.1737333333,5958.7742311111115,6032.848305185185
P3,风电场景1-光伏场景3,36,36.0,558.72,337.44399999999996,253.0002,31.72420000000001,0.8119735422766446,0.5471789089347078,0.09401322886167783,0.21197354227664467,0.2471789089347078,0.10598677113832218,full,184795.24430000002,188128.57763333336,5133.201230555556,5225.793823148149
P3,风电场景1-光伏场景4,72,71.99999999999999,1056.7199999999998,272.804,783.9159999999999,0.0,0.9999999999999996,0.2581611022787494,0.0,0.3999999999999996,-0.0418388977212506,0.2,partial,623968.5473999998,627301.8807333332,8666.229824999999,8712.526121296296
P3,风电场景1-光伏场景4,63,62.99999999999999,932.2199999999998,272.804,659.4159999999999,0.0,0.9999999999999996,0.29263907661281674,0.0,0.3999999999999996,-0.007360923387183249,0.2,partial,509060.74739999993,512394.08073333325,8080.329323809524,8133.239376719576
P3,风电场景1-光伏场景4,54,54.0,807.72,272.804,534.916,3.552713678800501e-15,1.0,0.3377457534789283,1.3022953031482315e-17,0.4,0.037745753478928334,0.2,full,394152.9474,397486.2807333333,7299.128655555555,7360.857050617284
P3,风电场景1-光伏场景4,45,44.99999999999999,683.2199999999999,272.804,410.41599999999994,3.552713678800501e-15,1.0,0.39929158982465385,1.3022953031482315e-17,0.4,0.09929158982465386,0.2,full,299715.11639999994,303048.44973333325,6660.3359199999995,6734.409994074073
P3,风电场景1-光伏场景4,36,36.0,558.72,272.804,285.916,5.329070518200751e-15,1.0000000000000002,0.48826603665521184,1.9534429547223473e-17,0.40000000000000024,0.18826603665521185,0.19999999999999998,full,209084.8164,212418.14973333335,5807.911566666667,5900.50415925926
P3,风电场景2-光伏场景1,72,72.0,1056.7199999999998,658.904,487.4279999999998,89.61199999999998,0.7279967946772216,0.5387349534408359,0.1360016026613892,0.12799679467722158,0.2387349534408359,0.06399839733861082,full,416899.6403999999,420232.97373333323,5790.272783333332,5836.5690796296285
P3,风电场景2-光伏场景1,63,63.0,932.22,658.904,362.928,89.61199999999998,0.7279967946772217,0.6106841732638219,0.1360016026613892,0.1279967946772217,0.31068417326382186,0.06399839733861082,full,306566.9304,309900.2637333333,4866.141752380952,4919.051805291006
P3,风电场景2-光伏场景1,54,54.0,807.7200000000001,658.904,276.6322,127.8161999999999,0.6120339229994055,0.6575147328282078,0.1939830385002973,0.012033922999405533,0.35751473282820784,0.006016961499702711,full,224704.49430000005,228037.8276333334,4161.194338888889,4222.922733950619
P3,风电场景2-光伏场景1,45,45.0,683.22,658.904,276.6322,252.31619999999998,0.23413365224676133,0.5951052369661309,0.38293317387661935,-0.3658663477532387,0.29510523696613095,-0.18293317387661934,partial,162646.94430000003,165980.27763333337,3614.3765400000007,3688.450614074075
P3,风电场景2-光伏场景1,36,35.99999999999999,558.7199999999999,658.904,276.6322,376.8162,-0.14376661850588263,0.5048822308132876,0.5718833092529412,-0.7437666185058827,0.20488223081328766,-0.37188330925294116,partial,100589.39430000001,103922.72763333334,2794.1498416666677,2886.74243425926
P3,风电场景2-光伏场景2,72,72.0,1056.72,400.34400000000005,656.376,0.0,1.0,0.3788553259141495,0.0,0.4,0.07885532591414951,0.2,full,527047.0314,530380.3647333334,7320.097658333333,7366.39395462963
P3,风电场景2-光伏场景2,63,63.0,932.22,400.34400000000005,531.876,1.4210854715202004e-14,1.0,0.4294522752140053,3.5496609703659857e-17,0.4,0.12945227521400532,0.19999999999999998,full,412139.2314,415472.5647333333,6541.892561904761,6594.802614814815
P3,风电场景2-光伏场景2,54,54.0,807.72,400.34400000000005,407.37600000000003,1.7763568394002505e-14,0.9999999999999999,0.49564700638835246,4.4370762129574824e-17,0.3999999999999999,0.19564700638835247,0.19999999999999996,full,317661.6204000001,320994.9537333334,5882.6226000000015,5944.350995061729
P3,风电场景2-光伏场景2,45,45.0,683.2199999999999,400.34400000000005,290.71220000000005,7.836200000000053,0.9608526667066316,0.5744969409560611,0.01957366664668398,0.36085266670663163,0.2744969409560611,0.18042633335331604,full,228829.7283,232163.06163333333,5085.105073333333,5159.179147407407
P3,风电场景2-光伏场景2,36,36.0,558.72,400.34400000000005,290.71220000000005,132.3362,0.33888755670123694,0.4796817726231387,0.3305562216493815,-0.26111244329876304,0.17968177262313872,-0.13055622164938147,partial,166772.1783,170105.51163333334,4632.560508333333,4725.153100925926
P3,风电场景2-光伏场景3,72,72.0,1056.72,234.584,822.136,0.0,1.0000000000000002,0.22199258081611023,0.0,0.40000000000000024,-0.07800741918388976,0.2,partial,628180.8554,631514.1887333334,8724.734102777778,8771.030399074074
P3,风电场景2-光伏场景3,63,63.000000000000014,932.2200000000003,234.584,697.6360000000002,0.0,1.0000000000000002,0.25164017077513884,0.0,0.40000000000000024,-0.04835982922486115,0.2,partial,513273.0554000002,516606.3887333335,8147.191355555557,8200.101408465609
P3,风电场景2-光伏场景3,54,54.0,807.72,234.584,573.1360000000001,0.0,0.9999999999999998,0.2904273758233051,0.0,0.3999999999999998,-0.00957262417669491,0.2,partial,398453.0444000001,401786.3777333334,7378.760081481483,7440.488476543211
P3,风电场景2-光伏场景3,45,44.99999999999999,683.2199999999999,234.584,448.63599999999997,0.0,0.9999999999999998,0.3433506044905009,0.0,0.3999999999999998,0.04335060449050093,0.2,full,307822.74439999997,311156.0777333333,6840.505431111112,6914.579505185186
P3,风电场景2-光伏场景3,36,36.0,558.72,234.584,324.13599999999997,0.0,1.0000000000000002,0.41985967926689577,0.0,0.40000000000000024,0.11985967926689578,0.2,full,217192.44440000004,220525.77773333338,6033.123455555557,6125.71604814815
P3,风电场景2-光伏场景4,72,72.0,1056.72,169.94400000000002,886.7760000000001,0.0,0.9999999999999997,0.16082216670451965,0.0,0.3999999999999997,-0.13917783329548034,0.2,partial,667673.5913999999,671006.9247333333,9273.244325,9319.540621296295
P3,风电场景2-光伏场景4,63,63.000000000000014,932.2200000000003,169.94400000000002,762.2760000000003,0.0,0.9999999999999997,0.18230031537619873,0.0,0.3999999999999997,-0.11769968462380126,0.2,partial,552765.7914000002,556099.1247333336,8774.060180952383,8826.970233862436
P3,风电场景2-光伏场景4,54,54.0,807.72,169.94400000000002,637.7760000000001,1.7763568394002505e-15,0.9999999999999997,0.21039964344079634,1.0452601088595363e-17,0.3999999999999997,-0.08960035655920365,0.2,partial,437857.9914,441191.3247333333,8108.481322222222,8170.20971728395
P3,风电场景2-光伏场景4,45,45.0,683.2199999999998,169.94400000000002,513.276,1.7763568394002505e-15,0.999999999999999,0.24873979098972523,1.0452601088595363e-17,0.399999999999999,-0.051260209010274754,0.2,partial,340482.71939999994,343816.05273333326,7566.282653333332,7640.356727407406
P3,风电场景2-光伏场景4,36,36.0,558.72,169.94400000000002,388.776,1.7763568394002505e-15,1.0,0.3041666666666667,1.0452601088595363e-17,0.4,0.004166666666666707,0.2,full,249852.4194,253185.75273333336,6940.344983333333,7032.9375759259265
P3,风电场景3-光伏场景1,72,71.99999999999999,1056.7199999999998,780.8399999999999,402.24819999999977,126.36819999999999,0.6763275446954563,0.6193426830191536,0.1618362276522719,0.07632754469545633,0.31934268301915364,0.03816377234772811,full,377040.3618999998,380373.6952333331,5236.671693055554,5282.96798935185
P3,风电场景3-光伏场景1,63,63.0,932.2199999999999,780.8399999999999,277.7481999999999,126.36819999999999,0.6763275446954563,0.7020572397073652,0.1618362276522719,0.07632754469545633,0.40205723970736523,0.03816377234772811,full,268674.07089999993,272007.40423333325,4264.667792063491,4317.5778449735435
P3,风电场景3-光伏场景1,54,54.00000000000001,807.72,780.8399999999999,220.9844,194.1043999999999,0.5028318221402593,0.7264096469073441,0.2485840889298703,-0.09716817785974063,0.4264096469073441,-0.04858408892987029,partial,194209.80580000003,197543.13913333337,3596.477885185185,3658.206280246914
P3,风电场景3-光伏场景1,45,45.0,683.22,780.8399999999999,220.9844,318.6044,0.18394447005788644,0.6765545505108163,0.40802776497105686,-0.41605552994211353,0.37655455051081627,-0.20802776497105685,partial,132152.2558,135485.58913333336,2936.716795555556,3010.79086962963
P3,风电场景3-光伏场景1,36,35.999999999999986,558.72,780.8399999999999,220.9844,443.1044000000001,-0.13494288202448657,0.6044809564719354,0.5674714410122434,-0.7349428820244865,0.30448095647193546,-0.36747144101224344,partial,70094.70579999995,73428.03913333328,1947.0751611111104,2039.667753703703
P3,风电场景3-光伏场景2,72,71.99999999999999,1056.7199999999998,522.28,538.1663999999997,3.7264000000000053,0.9857302596308495,0.4907199636611402,0.007134870184575334,0.3857302596308495,0.1907199636611402,0.19286512981542467,full,476536.2417999997,479869.57513333304,6618.558913888886,6664.855210185183
P3,风电场景3-光伏场景2,63,62.999999999999986,932.2199999999998,522.28,413.6663999999998,3.7264000000000195,0.9857302596308493,0.55625667760829,0.007134870184575361,0.3857302596308493,0.25625667760829,0.19286512981542464,full,362818.7217999998,366152.05513333314,5759.027330158729,5811.937383068781
P3,风电场景3-光伏场景2,54,53.99999999999999,807.7199999999999,522.28,289.16639999999995,3.7264000000000266,0.9857302596308493,0.6419967315406329,0.007134870184575375,0.3857302596308493,0.34199673154063287,0.19286512981542464,full,272188.42179999995,275521.75513333327,5040.52632962963,5102.254724691357
P3,风电场景3-光伏场景2,45,44.999999999999986,683.22,522.28,235.06440000000003,74.1244000000001,0.7161507237497126,0.6559462545007463,0.14192463812514378,0.11615072374971258,0.3559462545007463,0.058075361874856235,full,198335.03979999997,201668.3731333333,4407.44532888889,4481.519402962964
P3,风电场景3-光伏场景2,36,35.99999999999999,558.72,522.28,235.06440000000003,198.6244,0.23939496055755527,0.5792804982817868,0.38030251972122237,-0.3606050394424447,0.27928049828178686,-0.18030251972122235,partial,136277.48979999998,139610.82313333332,3785.485827777778,3878.078420370371
P3,风电场景3-光伏场景3,72,72.0,1056.7199999999998,356.52000000000004,700.1999999999998,0.0,0.9999999999999999,0.33738360208948454,0.0,0.3999999999999999,0.03738360208948455,0.2,full,576088.2089999999,579421.5423333333,8001.225124999999,8047.521421296296
P3,风电场景3-光伏场景3,63,62.999999999999986,932.2199999999998,356.52000000000004,575.6999999999998,0.0,0.9999999999999999,0.3824419128531893,0.0,0.3999999999999999,0.0824419128531893,0.2,full,461180.40899999987,464513.7423333332,7320.323952380952,7373.234005291005
P3,风电场景3-光伏场景3,54,53.999999999999986,807.7199999999998,356.52000000000004,451.1999999999998,0.0,0.9999999999999999,0.4413905808943695,0.0,0.3999999999999999,0.1413905808943695,0.2,full,352124.63699999993,355457.97033333324,6520.826611111112,6582.55500617284
P3,风电场景3-光伏场景3,45,44.99999999999999,683.2199999999998,356.52000000000004,326.69999999999993,0.0,0.9999999999999996,0.5218231316413456,0.0,0.3999999999999996,0.22182313164134565,0.2,full,261494.33699999994,264827.67033333326,5810.985266666667,5885.05934074074
P3,风电场景3-光伏场景3,36,35.99999999999999,558.72,356.52000000000004,235.06440000000003,32.864400000000046,0.8156378323796699,0.5792804982817868,0.09218108381016504,0.21563783237966994,0.27928049828178686,0.10781891618983497,full,179026.9938,182360.32713333334,4972.972050000001,5065.564642592593
P3,风电场景3-光伏场景4,72,71.99999999999997,1056.7199999999996,291.88,764.8399999999996,0.0,1.0,0.27621318797789396,0.0,0.4,-0.02378681202210603,0.2,partial,615580.9449999996,618914.278333333,8549.73534722222,8596.031643518518
P3,风电场景3-光伏场景4,63,62.99999999999998,932.2199999999997,291.88,640.3399999999997,0.0,1.0,0.31310205745424907,0.0,0.4,0.013102057454249083,0.2,full,500673.1449999998,504006.4783333331,7947.192777777777,8000.10283068783
P3,风电场景3-光伏场景4,54,54.0,807.72,291.88,515.8399999999999,1.7763568394002505e-15,1.0000000000000004,0.3613628485118605,6.085914894478041e-18,0.40000000000000047,0.061362848511860524,0.2,full,385765.345,389098.6783333333,7143.802685185185,7205.531080246913
P3,风电场景3-光伏场景4,45,45.0,683.2199999999999,291.88,391.3399999999999,1.7763568394002505e-15,1.0,0.4272123181405697,6.085914894478041e-18,0.4,0.1272123181405697,0.2,full,292999.873,296333.20633333334,6511.10828888889,6585.182362962963
P3,风电场景3-光伏场景4,36,35.99999999999999,558.7199999999999,291.88,266.8399999999999,1.7763568394002505e-15,1.0,0.5224083619702177,6.085914894478041e-18,0.4,0.22240836197021768,0.2,full,202369.57299999997,205702.90633333332,5621.3770277777785,5713.969620370371
P3,风电场景4-光伏场景1,72,72.0,1056.7199999999998,876.924,353.50199999999995,173.706,0.6038288380749071,0.6654724051782877,0.19808558096254636,0.0038288380749070816,0.36547240517828766,0.0019144190374536518,full,352101.6254,355434.95873333333,4890.300352777778,4936.596649074074
P3,风电场景4-光伏场景1,63,63.000000000000014,932.2200000000001,876.924,229.00200000000018,173.706,0.6038288380749073,0.7543476861685008,0.19808558096254636,0.0038288380749073037,0.4543476861685008,0.0019144190374536518,full,244697.85440000016,248031.1877333335,3884.0929269841286,3937.002979894182
P3,风电场景4-光伏场景1,54,54.000000000000014,807.7200000000003,876.924,186.6846,255.8885999999998,0.4163950353736475,0.768874610013371,0.2918024823131763,-0.18360496462635245,0.468874610013371,-0.09180248231317628,partial,173679.4181000001,177012.75143333344,3216.285520370371,3278.0139154321
P3,风电场景4-光伏场景1,45,45.000000000000014,683.2200000000001,876.924,186.6846,380.3885999999999,0.13244796584424678,0.726757706156143,0.43377601707787666,-0.4675520341557532,0.426757706156143,-0.23377601707787665,partial,111621.86810000008,114955.20143333341,2480.485957777779,2554.5600318518527
P3,风电场景4-光伏场景1,36,35.99999999999999,558.72,876.924,186.6846,504.8886000000001,-0.1514991036851541,0.665870919243986,0.5757495518425771,-0.751499103685154,0.365870919243986,-0.37574955184257713,partial,49564.31809999997,52897.6514333333,1376.7866138888883,1469.3792064814809
P3,风电场景4-光伏场景2,72,72.0,1056.7199999999998,618.364,448.09619999999995,9.740200000000009,0.9684968723923124,0.5759555984555986,0.015751563803843703,0.36849687239231244,0.27595559845559864,0.1842484361961563,full,441904.9973,445238.3306333333,6137.569406944444,6183.86570324074
P3,风电场景4-光伏场景2,63,63.00000000000002,932.2200000000003,618.364,323.59620000000024,9.740200000000009,0.9684968723923127,0.652875716032696,0.015751563803843703,0.36849687239231277,0.352875716032696,0.1842484361961563,full,329358.6473000002,332691.9806333335,5227.915036507938,5280.82508941799
P3,风电场景4-光伏场景2,54,54.000000000000014,807.7200000000003,618.364,200.7646,11.408599999999774,0.9631006979707754,0.7514428267221316,0.018449651014612385,0.3631006979707754,0.4514428267221316,0.18155034898538763,full,239862.2021000001,243195.53543333345,4441.892631481483,4503.621026543211
P3,风电场景4-光伏场景2,45,45.000000000000014,683.2200000000003,618.364,200.7646,135.9085999999998,0.5604252511465747,0.706149410146073,0.21978737442671276,-0.03957474885342527,0.40614941014607303,-0.019787374426712745,partial,177804.65210000006,181137.9854333334,3951.2144911111113,4025.2885651851857
P3,风电场景4-光伏场景2,36,35.999999999999986,558.72,618.364,200.7646,260.4086000000001,0.15774980432237312,0.6406704610538372,0.4211250978388135,-0.44225019567762686,0.3406704610538372,-0.2211250978388135,partial,115747.10209999996,119080.43543333329,3215.1972805555556,3307.789873148148
P3,风电场景4-光伏场景3,72,72.0,1056.7199999999998,452.60400000000004,604.116,0.0,0.9999999999999994,0.42831024301612547,0.0,0.39999999999999947,0.12831024301612548,0.2,full,539282.3674,542615.7007333334,7490.0328805555555,7536.329176851852
P3,风电场景4-光伏场景3,63,63.00000000000002,932.2200000000003,452.60400000000004,479.6160000000003,0.0,0.9999999999999998,0.4855120036042993,0.0,0.3999999999999998,0.1855120036042993,0.2,full,424374.56740000035,427707.90073333366,6736.104244444447,6789.014297354501
P3,风电场景4-光伏场景3,54,54.000000000000014,807.7200000000003,452.60400000000004,355.1160000000002,8.881784197001252e-15,1.0,0.5603476452235923,1.9623742160920478e-17,0.4,0.26034764522359227,0.19999999999999998,full,317284.39540000015,320617.72873333347,5875.636951851853,5937.365346913582
P3,风电场景4-光伏场景3,45,45.000000000000014,683.2200000000001,452.60400000000004,230.61600000000013,8.881784197001252e-15,1.0,0.6624571880214278,1.9623742160920478e-17,0.4,0.36245718802142785,0.19999999999999998,full,226654.0954000001,229987.42873333345,5036.7576755555565,5110.83174962963
P3,风电场景4-光伏场景3,36,36.0,558.72,452.60400000000004,200.7646,94.64860000000004,0.5817597723396168,0.6406704610538373,0.2091201138301916,-0.018240227660383135,0.3406704610538373,-0.009120113830191595,partial,158496.60609999998,161829.93943333332,4402.683502777777,4495.27609537037
P3,风电场景4-光伏场景4,72,72.0,1056.7199999999998,387.964,668.756,0.0,0.9999999999999996,0.36713982890453484,0.0,0.3999999999999996,0.06713982890453485,0.2,full,578775.1034,582108.4367333334,8038.543102777778,8084.839399074075
P3,风电场景4-光伏场景4,63,63.000000000000014,932.2200000000003,387.964,544.2560000000003,0.0,0.9999999999999999,0.41617214820535914,0.0,0.3999999999999999,0.11617214820535915,0.2,full,463867.3034000003,467200.63673333364,7362.973069841273,7415.883122751326
P3,风电场景4-光伏场景4,54,54.000000000000014,807.7200000000003,387.964,419.7560000000003,0.0,0.9999999999999999,0.4803199128410834,0.0,0.3999999999999999,0.1803199128410834,0.2,full,348959.5034000003,352292.8367333336,6462.213025925929,6523.941420987658
P3,风电场景4-光伏场景4,45,45.000000000000014,683.2200000000001,387.964,295.2560000000002,1.7763568394002505e-15,0.9999999999999999,0.5678463745206521,4.578664101309014e-18,0.3999999999999999,0.26784637452065213,0.2,full,258159.63140000016,261492.9647333335,5736.8806977777795,5810.954771851853
P3,风电场景4-光伏场景4,36,36.0,558.72,387.964,200.7646,30.008600000000058,0.8453021414358032,0.6406704610538372,0.0773489292820985,0.2453021414358032,0.3406704610538372,0.12265107071790152,full,175167.2621,178500.59543333334,4865.757280555556,4958.349873148149
P3,风电场景5-光伏场景1,72,72.0,1056.7199999999998,819.4200000000001,395.9441999999999,158.64419999999998,0.612789045910522,0.625308312514195,0.19360547704473893,0.01278904591052199,0.32530831251419506,0.006394522955261078,full,369542.2318999999,372875.5652333332,5132.53099861111,5178.827294907405
P3,风电场景5-光伏场景1,63,63.0,932.22,819.4200000000001,271.4442000000001,158.64419999999998,0.612789045910522,0.7088195919418164,0.19360547704473893,0.01278904591052199,0.40881959194181644,0.006394522955261078,full,261237.56090000004,264570.89423333335,4146.6279507936515,4199.538003703704
P3,风电场景5-光伏场景1,54,54.00000000000001,807.7200000000001,819.4200000000001,201.4524,213.1523999999999,0.4797481145200267,0.7505912940127767,0.2601259427399867,-0.12025188547997329,0.4505912940127767,-0.06012594273998667,partial,186110.80980000005,189444.1431333334,3446.496477777778,3508.2248728395066
P3,风电场景5-光伏场景1,45,45.0,683.22,819.4200000000001,201.4524,337.65240000000006,0.1758746430401991,0.7051427065952401,0.41206267847990047,-0.4241253569598009,0.40514270659524015,-0.21206267847990046,partial,124053.2598,127386.59313333333,2756.739106666667,2830.813180740741
P3,风电场景5-光伏场景1,36,35.99999999999999,558.72,819.4200000000001,201.4524,462.15240000000006,-0.12799882843962807,0.6394394329896907,0.563999414219814,-0.727998828439628,0.33943943298969076,-0.363999414219814,partial,61995.709799999946,65329.04313333328,1722.1030499999988,1814.6956425925914
P3,风电场景5-光伏场景2,72,72.0,1056.7199999999998,560.8599999999999,505.7103999999999,9.850400000000008,0.9648739435866347,0.5214338708456355,0.01756302820668261,0.3648739435866347,0.22143387084563554,0.18243697179331742,full,461167.34779999993,464500.68113333324,6405.102052777776,6451.398349074073
P3,风电场景5-光伏场景2,63,62.99999999999999,932.22,560.8599999999999,381.2104,9.850400000000016,0.964873943586635,0.5910724936173863,0.017563028206682627,0.36487394358663505,0.29107249361738635,0.1824369717933174,full,349380.32779999997,352713.6611333333,5545.719488888889,5598.629541798941
P3,风电场景5-光伏场景2,54,54.0,807.72,560.8599999999999,256.71040000000005,9.85040000000002,0.9648739435866349,0.6821789729114047,0.017563028206682634,0.36487394358663494,0.38217897291140474,0.1824369717933174,full,258750.02780000004,262083.36113333338,4791.667181481483,4853.395576543211
P3,风电场景5-光伏场景2,45,45.0,683.22,560.8599999999999,215.53240000000002,93.17239999999998,0.6677516670826946,0.6845344105851701,0.16612416645865277,0.06775166708269464,0.38453441058517007,0.03387583354134724,full,190236.0438,193569.37713333336,4227.467640000001,4301.541714074075
P3,风电场景5-光伏场景2,36,36.0,558.72,560.8599999999999,215.53240000000002,217.67240000000004,0.22379060728167455,0.6142389747995415,0.38810469635916284,-0.37620939271832543,0.3142389747995415,-0.18810469635916283,partial,128178.49379999998,131511.8271333333,3560.5137166666664,3653.1063092592585
P3,风电场景5-光伏场景3,72,71.99999999999999,1056.7199999999998,395.1,661.6199999999999,0.0,0.9999999999999997,0.3738928003633887,0.0,0.3999999999999997,0.07389280036338869,0.2,full,558119.6769999999,561453.0103333333,7751.662180555556,7797.9584768518525
P3,风电场景5-光伏场景3,63,62.999999999999986,932.2199999999999,395.1,537.1199999999999,1.7763568394002505e-15,1.0,0.4238269936281136,4.495967702860669e-18,0.4,0.12382699362811361,0.2,full,443211.87699999986,446545.2103333332,7035.109158730158,7088.01921164021
P3,风电场景5-光伏场景3,54,54.0,807.72,395.1,412.6200000000001,5.329070518200751e-15,0.9999999999999997,0.48915465755459814,1.3487903108582008e-17,0.3999999999999997,0.18915465755459815,0.2,full,337280.78500000003,340614.11833333335,6245.9404629629635,6307.668858024692
P3,风电场景5-光伏场景3,45,45.0,683.22,395.1,288.12,5.329070518200751e-15,1.0,0.5782910336348468,1.3487903108582008e-17,0.4,0.2782910336348468,0.2,full,246650.48500000002,249983.81833333336,5481.121888888889,5555.195962962964
P3,风电场景5-光伏场景3,36,36.0,558.72,395.1,215.53240000000002,51.912400000000034,0.7372189319159704,0.6142389747995417,0.13139053404201476,0.13721893191597045,0.3142389747995417,0.06860946595798526,full,170927.99779999998,174261.33113333333,4747.999938888888,4840.592531481481
P3,风电场景5-光伏场景4,72,72.0,1056.7199999999998,330.4599999999999,726.26,0.0,0.9999999999999997,0.312722386251798,0.0,0.3999999999999997,0.012722386251798001,0.2,full,597612.413,600945.7463333333,8300.172402777776,8346.468699074074
P3,风电场景5-光伏场景4,63,62.99999999999999,932.2199999999999,330.4599999999999,601.7599999999999,1.7763568394002505e-15,1.0000000000000004,0.3544871382291733,5.375406522424048e-18,0.40000000000000047,0.05448713822917334,0.2,full,482704.6129999999,486037.9463333332,7661.977984126984,7714.888037037036
P3,风电场景5-光伏场景4,54,53.99999999999999,807.72,330.4599999999999,477.26,1.7763568394002505e-15,1.0000000000000004,0.4091269251720892,5.375406522424048e-18,0.40000000000000047,0.10912692517208922,0.2,full,368786.32099999994,372119.65433333325,6829.376314814815,6891.104709876543
P3,风电场景5-光伏场景4,45,45.0,683.22,330.4599999999999,352.76000000000005,1.7763568394002505e-15,1.0000000000000002,0.48368022013407086,5.375406522424048e-18,0.40000000000000024,0.18368022013407087,0.2,full,278156.02100000007,281489.3543333334,6181.244911111113,6255.318985185187
P3,风电场景5-光伏场景4,36,36.0,558.7199999999999,330.4599999999999,228.25999999999996,5.329070518200751e-15,1.0,0.591459049255441,1.6126219567272143e-17,0.4,0.291459049255441,0.19999999999999998,full,187525.72099999996,190859.0543333333,5209.047805555554,5301.640398148147
P3,风电场景6-光伏场景1,72,72.0,1056.72,715.76,431.7862,90.8262,0.7462104616072427,0.5913901506548566,0.12689476919637868,0.14621046160724271,0.2913901506548566,0.07310523080362133,full,393655.7049,396989.0382333333,5467.440345833334,5513.736642129629
P3,风电场景6-光伏场景1,63,63.000000000000014,932.2200000000003,715.76,307.28620000000024,90.8262,0.7462104616072427,0.6703715861062838,0.12689476919637868,0.14621046160724271,0.3703715861062838,0.07310523080362133,full,285021.8739000002,288355.2072333335,4524.15672857143,4577.066781481483
P3,风电场景6-光伏场景1,54,54.00000000000001,807.7200000000001,715.76,239.14440000000002,147.1843999999999,0.5887325360456023,0.703926608230575,0.20563373197719892,-0.011267463954397705,0.40392660823057497,-0.005633731977198908,partial,208396.85780000006,211730.1911333334,3859.201070370371,3920.9294654320993
P3,风电场景6-光伏场景1,45,45.0,683.22,715.76,239.14440000000002,271.68440000000004,0.2408505644350061,0.6499745323614647,0.37957471778249696,-0.3591494355649939,0.34997453236146475,-0.17957471778249695,partial,146339.3078,149672.64113333335,3251.984617777778,3326.0586918518525
P3,风电场景6-光伏场景1,36,35.999999999999986,558.7199999999999,715.76,239.14440000000002,396.18440000000015,-0.10703140717558994,0.571978092783505,0.553515703587795,-0.7070314071755899,0.271978092783505,-0.353515703587795,partial,84281.75779999995,87615.09113333328,2341.1599388888885,2433.7525314814807
P3,风电场景6-光伏场景2,72,72.0,1056.7199999999998,457.20000000000005,599.52,0.0,0.9999999999999996,0.43265955030660924,0.0,0.3999999999999996,0.13265955030660925,0.2,full,503352.83699999994,506686.17033333326,6991.011624999999,7037.307921296295
P3,风电场景6-光伏场景2,63,63.0,932.22,457.20000000000005,475.02000000000015,2.842170943040401e-14,0.9999999999999997,0.49044217030314735,6.216471878916011e-17,0.3999999999999997,0.19044217030314736,0.19999999999999996,full,388445.03700000007,391778.3703333334,6165.794238095239,6218.704291005291
P3,风电场景6-光伏场景2,54,54.00000000000001,807.72,457.20000000000005,350.52000000000015,2.842170943040401e-14,0.9999999999999997,0.5660377358490566,6.216471878916011e-17,0.3999999999999997,0.2660377358490566,0.19999999999999996,full,295837.9050000001,299171.2383333334,5478.479722222223,5540.208117283951
P3,风电场景6-光伏场景2,45,45.0,683.22,457.20000000000005,253.2244,27.20439999999995,0.8809956255468067,0.629366236351395,0.05950218722659656,0.2809956255468067,0.329366236351395,0.14049781277340345,full,212522.09180000005,215855.4251333334,4722.713151111112,4796.787225185187
P3,风电场景6-光伏场景2,36,35.999999999999986,558.7199999999999,457.20000000000005,253.2244,151.70440000000013,0.33637620297462767,0.5467776345933562,0.33181189851268617,-0.2636237970253723,0.24677763459335617,-0.13181189851268615,partial,150464.54179999995,153797.8751333333,4179.570605555556,4272.163198148149
P3,风电场景6-光伏场景3,72,72.0,1056.72,291.44,765.28,0.0,1.0000000000000002,0.2757968052085699,0.0,0.40000000000000024,-0.02420319479143007,0.2,partial,604486.6610000001,607819.9943333335,8395.648069444445,8441.944365740743
P3,风电场景6-光伏场景3,63,63.0,932.22,291.44,640.7800000000001,0.0,0.9999999999999998,0.31263006586428094,0.0,0.3999999999999998,0.012630065864280948,0.2,full,489578.8610000001,492912.1943333334,7771.093031746033,7824.003084656086
P3,风电场景6-光伏场景3,54,54.000000000000014,807.7200000000001,291.44,516.2800000000002,7.105427357601002e-15,0.9999999999999998,0.36081810528400926,2.4380412289325424e-17,0.3999999999999998,0.06081810528400927,0.19999999999999998,full,376629.32900000014,379962.66233333346,6974.617203703705,7036.345598765432
P3,风电场景6-光伏场景3,45,45.00000000000001,683.22,291.44,391.7800000000001,7.105427357601002e-15,0.9999999999999998,0.42656830889025493,2.4380412289325424e-17,0.3999999999999998,0.12656830889025494,0.19999999999999998,full,285999.029,289332.3623333333,6355.533977777776,6429.60805185185
P3,风电场景6-光伏场景3,36,35.999999999999986,558.7199999999998,291.44,267.2799999999999,8.881784197001252e-15,0.9999999999999996,0.5216208476517756,3.047551536165678e-17,0.3999999999999996,0.22162084765177564,0.19999999999999998,full,195368.72899999993,198702.06233333328,5426.909138888889,5519.501731481482
P3,风电场景6-光伏场景4,72,72.0,1056.72,226.8,829.92,0.0,1.0000000000000002,0.21462639109697934,0.0,0.40000000000000024,-0.08537360890302065,0.2,partial,643979.3969999999,647312.7303333333,8944.158291666665,8990.454587962962
P3,风电场景6-光伏场景4,63,63.0,932.22,226.8,705.4200000000001,0.0,0.9999999999999998,0.2432902104653408,0.0,0.3999999999999998,-0.05670978953465919,0.2,partial,529071.5970000001,532404.9303333334,8397.961857142858,8450.871910052912
P3,风电场景6-光伏场景4,54,54.000000000000014,807.7200000000001,226.8,580.9200000000001,0.0,1.0000000000000002,0.2807903729015005,0.0,0.40000000000000024,-0.019209627098499493,0.2,partial,414163.79700000014,417497.13033333345,7669.699944444445,7731.428339506173
P3,风电场景6-光伏场景4,45,45.0,683.22,226.8,456.4200000000001,0.0,0.9999999999999998,0.3319574953894792,0.0,0.3999999999999998,0.03195749538947923,0.2,full,318077.90400000004,321411.23733333335,7068.397866666667,7142.471940740741
P3,风电场景6-光伏场景4,36,35.999999999999986,558.7199999999998,226.8,331.9199999999999,0.0,0.9999999999999994,0.40592783505154656,0.0,0.39999999999999947,0.10592783505154657,0.2,full,227447.60399999988,230780.93733333322,6317.988999999999,6410.581592592592
